#																															
#   VizieR Astronomical Server vizier.u-strasbg.fr																															
#    Date: 2021-06-07T08:12:55 [V1.99+ (14-Oct-2013)]																															
#   In case of problem, please report to:	cds-question@unistra.fr																														
#																															
#																															
#Coosys	J2000:	eq_FK5 J2000																													
#INFO	votable-version=1.99+ (14-Oct-2013)																														
#INFO	-ref=VIZ60bdd3d02b8c58																														
#INFO	-out.max=1000																														
#INFO	queryParameters=42																														
#-oc.form=dec																															
#-out.max=1000																															
#-nav=cat:J/ApJ/879/100&tab:{J/ApJ/879/100/table3}&key:source=J/ApJ/879/100/table3&HTTPPRM:&																															
#-c.eq=J2000																															
#-c.r=  2																															
#-c.u=arcmin																															
#-c.geom=r																															
#-source=J/ApJ/879/100/table3																															
#-order=I																															
#-out=Gaia																															
#-out=[RSP2011]																															
#-out=r'mag																															
#-out=Ksmag																															
#-out=Prot1																															
#-out=Pw1																															
#-out=Q1																															
#-out=Sig																															
#-out=MP?																															
#-out=SE?																															
#-out=Bl?																															
#-out=P																															
#-out=Prot4																															
#-out=ProtP																															
#-out=ProtH																															
#-out=ProtD																															
#-out=ProtA																															
#-out=ProtR																															
#-out=Mm-Gaia																															
#-out=GaiaQ																															
#-out=SFlag																															
#-out=Bin																															
#-out=Mass																															
#-out=Teff																															
#Teff=<6550																															
#-out=dUVW																															
#-out=dCMD																															
#-out=eCMD																															
#-out=D16																															
#-out=PCat																															
#-out=SimbadName																															
#-out=_RA																															
#-out=_DE																															
#																															
																															
#RESOURCE=yCat_18790100																															
#Name: J/ApJ/879/100																															
#Title: K2 rotation periods for Hyades & Praesepe members (Douglas+, 2019)																															
#Table	J_ApJ_879_100_table3:																														
#Name: J/ApJ/879/100/table3																															
#Title: P_rot_ measurements for Hyades stars targeted in K2 and in the literature																															
#Column	Gaia	(I19)	Gaia DR2 (I/345) identifier	[ucd=meta.id;meta.main]																											
#Column	[RSP2011]	(I3)	[13/664]? Roser+ 2011, J/A+A/531/A92 catalog index number [NULL integer written as an empty string]	[ucd=meta.id]																											
#Column	r'mag	(F5.2)	[7.3/19.75]? Apparent r' band magnitude	[ucd=phot.mag;em.opt.R]																											
#Column	Ksmag	(F5.2)	[5.89/12.1]? Apparent 2MASS Ks band magnitude	[ucd=phot.mag;em.IR.K]																											
#Column	Prot1	(F5.2)	[0.15/68.5]? Rotational period, first periodogram peak	[ucd=time.period;stat.max]																											
#Column	Pw1	(F7.4)	[0.0095/0.95]? Power, first periodogram peak	[ucd=stat.fit.param]																											
#Column	Q1	(I1)	[0/2]? Q flag, first periodogram peak (0=confirmed detection) (1) [NULL integer written as an empty string]	[ucd=meta.code]																											
#Column	Sig	(F9.6)	[0.005/0.0094]? Minimum significance threshold for periodogram peaks	[ucd=meta.note]																											
#Column	MP?	(A1)	[MNY] Multiple rotational periods? (M=Maybe)	[ucd=meta.code]																											
#Column	SE?	(A1)	[MNY] Spot evolution? (M=Maybe)	[ucd=meta.code]																											
#Column	Bl?	(A1)	[MNY] Blend? (M=Maybe)	[ucd=meta.code]																											
#Column	P	(A1)	Period selected as final period to plot (2)	[ucd=meta.code]																											
#Column	Prot4	(F5.2)	[0.2/49.4]? Douglas+ 2016, J/ApJ/822/47 K2 Campaign 4 rotational period	[ucd=time.period]																											
#Column	ProtP	(F5.2)	[2.4/8.8]? Prosser+ 1995PASP..107..211P rotational period	[ucd=time.period]																											
#Column	ProtH	(F5.2)	[1.2/22.2]? Hartman+ 2011, J/AJ/141/166 rotational period	[ucd=time.period]																											
#Column	ProtD	(F5.2)	[1.2/18.5]? Delorme+ 2011, J/MNRAS/413/2218 rotational period	[ucd=time.period]																											
#Column	ProtA	(F5.2)	[5.1/14.1]? ASAS (II/264) rotational period	[ucd=time.period]																											
#Column	ProtR	(F5.2)	[3.6/12.7]? Radick rotational period (3)	[ucd=time.period]																											
#Column	Mm-Gaia	(A5)	"Identified as a cluster member from Gaia (""True"" = 177 occurrences)"	[ucd=meta.code.member]																											
#Column	GaiaQ	(A5)	Passes Gaia (I/345) data quality thresholds	[ucd=meta.code]																											
#Column	SFlag	(A4)	Results of 4 tests for binary status (4)	[ucd=meta.code]																											
#Column	Bin	(I3)	Display the binary status (Table 2) [NULL integer written as an empty string]	[ucd=meta.ref.url]																											
#Column	Mass	(F5.2)	[0.13/1.33]? New mass calculated using Gaia DR2 parallax	[ucd=phys.mass]																											
#Column	Teff	(F7.2)	[91/6159]? Effective temperature, calculated from photometry	[ucd=phys.temperature.effective;meta.modelled]																											
#Column	dUVW	(F7.4)	[0.1/46]? Deviation from cluster space motion	[ucd=stat.stdev]																											
#Column	dCMD	(F8.5)	[-1.4/0.92]? Deviation from cluster CMD	[ucd=phot.mag]																											
#Column	eCMD	(F8.5)	[0.0007/0.095]? Photometric error (5)	[ucd=stat.error;phot.mag]																											
#Column	D16	(I3)	Display data from Douglas+, 2016, J/ApJ/822/47 [NULL integer written as an empty string]	[ucd=meta.ref.url]																											
#Column	PCat	(I3)	"Display data from Hartman+, 2011, J/AJ/141/166 and Delorme+, 2011, J/MNRAS/413/2218 within 3"" [NULL integer written as an empty string]"	[ucd=meta.ref.url]																											
#Column	SimbadName	(a23)	Simbad column added by the CDS	[ucd=meta.id]																											
#Column	_RA	(F9.5)	Right Ascension (J2000) from SIMBAD (not part of the original data)	[ucd=pos.eq.ra;meta.main]																											
#Column	_DE	(F9.5)	Declination (J2000) from SIMBAD (not part of the original data)	[ucd=pos.eq.dec;meta.main]																											
Gaia	[RSP2011]	r'mag	Ksmag	Prot1	Pw1	Q1	Sig	MP?	SE?	Bl?	P	Prot4	ProtP	ProtH	ProtD	ProtA	ProtR	Mm-Gaia	GaiaQ	SFlag	Bin	Mass	Teff	dUVW	dCMD	eCMD	D16	PCat	SimbadName	_RA	_DE
3.31270937921302E+018	340	7.3	6.14	     	       	 	         	 	 	 	R	     	     	     	     	     	5.87	True 	True 	YYYY	0	1.22	6158.42	0.3764	-0.02856	0.00158	0	0	[RSP2011] 340          	66.89955	15.58919
4.82034874114275E+016	233	7.32	6.12	     	       	 	         	 	 	 	R	     	     	     	     	     	5.45	True 	False	YYYY	0	1.21	6088.79	0.4	-0.04412	0.0013	0	0	[RSP2011] 233          	65.05403	19.23348
3.31275188220946E+018	323	7.37	6.14	     	       	 	         	 	 	 	R	     	     	     	     	     	4.83	False	True 	NYNY	1	1.19	6085.17	5.0355	0.05383	0.00122	1	0	[RSP2011] 323          	66.5243	15.52434
3.30692295875377E+018	344	7.38	6.16	     	       	 	         	 	 	 	K	     	     	     	     	5.14	     	True 	True 	YYYY	0	1.2	6075.64	0.876	0.01958	0.00269	0	0	[RSP2011] 344          	66.94198	11.73642
3.30949371572208E+018	468	7.41	5.99	     	       	 	         	 	 	 	K	     	     	     	     	6.28	     	False	False	NNNY	1	1.27	5849.55	3.2102	-0.47339	0.00135	1	0	[RSP2011] 468          	69.38324	15.14648
3.31115122950093E+018	284	7.44	6.01	     	       	 	         	 	 	 	R	     	     	     	     	     	6.77	False	False	NNNY	1	1.33	5853.92	4.1532	-0.56103	0.00248	1	0	[RSP2011] 284          	66.05195	14.7582
3.40481268513262E+018	574	7.52	6.04	     	       	 	         	 	 	 	K	     	     	     	     	8.61	     	True 	True 	YNNY	1	1.24	5540.43	1.2349	-0.81862	0.00234	1	0	[RSP2011] 574          	72.64092	15.08343
3.31366289631249E+018	293	7.66	6.29	     	       	 	         	 	 	 	K	     	     	     	     	7.84	     	True 	True 	YYNY	1	1.18	5896.61	1.6625	-0.03232	0.00275	1	0	[RSP2011] 293          	66.11803	16.88617
3.3141099165089E+018	360	7.69	6.4	     	       	 	         	 	 	 	R	     	     	     	     	     	7.38	True 	True 	YYNY	1	1.15	5917.49	0.9334	0.01043	0.00402	1	0	[RSP2011] 360          	67.20124	17.28547
4.53670566507533E+016	137	7.7	6.45	     	       	 	         	 	 	 	K	     	     	     	     	7.47	     	True 	True 	YYYY	0	1.15	5954.75	0.4808	0.04243	0.00284	0	0	[RSP2011] 137          	61.5672	15.69812
3.31257568547139E+018	440	7.78	6.45	     	       	 	         	 	 	 	K	     	     	     	     	8.93	     	True 	True 	YYYY	0	1.14	5856.73	0.5052	0.00424	0.00177	0	0	[RSP2011] 440          	68.64713	15.50462
3.31374371041714E+018	329	7.89	6.44	     	       	 	         	 	 	 	K	     	     	     	     	8.11	     	False	True 	NYNY	1	1.19	5745.79	6.0249	-0.27198	0.00227	1	0	[RSP2011] 329          	66.60256	16.85336
1.49005270337202E+017	177	7.87	6.52	     	       	 	         	 	 	 	K	     	     	     	     	8.38	     	True 	True 	YYYY	0	1.1	5769.26	0.4167	-0.01492	0.00156	0	0	[RSP2011] 177          	63.63464	23.57494
4.79124604273176E+016	320	7.36	5.89	     	       	 	         	 	 	 	K	     	     	     	     	7.96	     	False	False	-NN-	1	     	5661.71	       	        	0.00227	1	0	[RSP2011] 320          	66.46553	18.86406
3.31368942203065E+018	330	7.92	6.55	     	       	 	         	 	 	 	K	     	     	     	     	8.68	     	True 	True 	YYNY	1	1.09	5744.58	1.3354	-0.00622	0.00163	1	0	[RSP2011] 330          	66.66717	16.74691
3.30900660200784E+018	530	8.14	6.74	     	       	 	         	 	 	 	D	     	     	     	7.95	     	     	True 	True 	YYNY	1	1.07	5739.42	0.6231	0.02477	0.00216	1	1	[RSP2011] 530          	71.62661	15.47204
4.57885475598505E+016	205	8.12	6.4	     	       	 	         	 	 	 	K	     	     	     	     	5.52	     	True 	True 	-NN-	1	1.16	5345.64	       	-0.57466	0.0048	1	0	[RSP2011] 205          	64.41227	16.94784
4.73450093482034E+016	227	8.27	6.79	     	       	 	         	 	 	 	K	     	     	     	     	8.96	     	True 	True 	YYYY	0	1.05	5578.14	0.7833	-0.01625	0.00278	0	0	[RSP2011] 227          	64.78337	17.52476
3.30954017008883E+018	436	8.27	6.47	     	       	 	         	 	 	 	K	     	     	     	     	8.65	     	False	False	NNNY	1	1.17	5178.96	4.1941	-0.78906	0.00241	1	0	[RSP2011] 436          	68.49389	15.16369
4.80614098936213E+016	358	8.44	6.91	     	       	 	         	 	 	 	K	     	     	     	     	11.48	     	True 	True 	YYNY	1	1.04	5513.63	1.1442	-0.03676	0.00212	1	0	[RSP2011] 358          	67.15507	19.74069
4.90055811441188E+016	225	8.38	6.92	     	       	 	         	 	 	 	R	     	     	     	     	     	9.39	True 	True 	YYYY	0	1.03	5517.61	0.3048	0.02043	0.00205	0	0	[RSP2011] 225          	64.74156	19.9067
3.31264488598435E+018	421	8.47	6.94	     	       	 	         	 	 	 	K	     	     	     	     	9.8	     	True 	True 	YYNY	1	1.02	5501.74	0.5782	0.04984	0.00262	1	0	[RSP2011] 421          	68.24771	15.81897
3.31263162312527E+018	388	8.59	6.82	     	       	 	         	 	 	 	D	     	     	     	8.73	     	     	False	True 	NNNN	1	1.16	5117.88	4.6501	-0.79633	0.00219	1	1	[RSP2011] 388          	67.64533	15.734
1.45325548516513E+017	266	8.67	7.12	9.13	0.181	0	0.008171	N	Y	Y	3	     	     	     	     	     	     	True 	True 	YYNY	1	1.02	5483.42	0.5873	0.04003	0.00206	0	0	[RSP2011] 266          	65.84304	21.3791
6.80014999397414E+016	62	8.59	6.91	     	       	 	         	 	 	 	K	     	     	     	     	9.39	     	True 	True 	YYNY	1	0.99	5213.03	0.75	-0.0237	0.00334	1	0	[RSP2011]  62          	53.20866	23.69219
3.31265251384624E+018	420	8.62	6.77	     	       	 	         	 	 	 	R	     	     	     	     	     	9.36	False	True 	-NN-	1	1.06	5032.99	       	-0.57792	0.00184	1	0	[RSP2011] 420          	68.20882	16.00584
3.31421302578705E+018	374	8.74	7.05	10.69	0.2669	1	0.009179	M	Y	Y	K	     	     	     	     	9.55	     	True 	True 	YYYY	0	1	5286.06	0.2803	0.00392	0.00184	0	0	[RSP2011] 374          	67.38169	17.89318
3.31444028539313E+018	317	8.73	6.77	     	       	 	         	 	 	 	D	     	     	     	8.46	     	     	False	False	-YN-	1	1.01	4930.49	       	-0.30253	0.0017	1	1	[RSP2011] 317          	66.44828	18.01719
4.35382939358797E+016	95	8.74	6.91	     	       	 	         	 	 	 	K	     	     	     	     	9.82	     	True 	True 	YYYY	0	0.98	5090.25	0.6603	-0.04387	0.00322	0	0	[RSP2011]  95          	58.77709	16.99848
3.3917120384472E+018	635	8.82	7.23	     	       	 	         	 	 	 	K	     	     	     	     	8.96	     	True 	True 	YYYY	0	1.03	5461.3	0.6288	0.00439	0.00178	0	0	[RSP2011] 635          	75.78191	13.73067
3.41188759578074E+018	558	8.81	7.07	9.69	0.2703	0	0.008125	N	Y	N	K	     	     	     	9.69	9.92	     	False	True 	NYNY	1	0.99	5197.32	3.6437	-0.02743	0.00206	1	1	[RSP2011] 558          	72.17553	21.10105
3.31295174851091E+018	379	8.79	7.14	     	       	 	         	 	 	 	K	     	     	     	     	9.39	     	True 	True 	YYYY	0	0.98	5189	0.3585	-0.01937	0.00206	0	0	[RSP2011] 379          	67.49053	16.67284
3.31114882861584E+018	272	8.79	7.14	     	       	 	         	 	 	 	K	     	     	     	     	10.01	     	True 	False	YYYY	0	0.99	5203.14	0.6115	-0.01727	0.00341	0	0	[RSP2011] 272          	65.88472	14.67048
5.25482419684654E+016	198	8.87	7.28	     	       	 	         	 	 	 	D	     	     	     	10.26	     	     	True 	True 	YYYY	0	1	5320.05	0.3911	0.01359	0.00166	0	1	[RSP2011] 198          	64.13949	21.90747
3.30995685063552E+018	455	9.1	7.37	10.47	0.5126	1	0.008885	N	Y	Y	D	     	     	     	9.47	     	     	True 	True 	YYYY	0	0.98	5173.7	0.6552	0.03186	0.00202	0	1	[RSP2011] 455          	69.02195	15.684
4.70193477492892E+016	134	9.28	7.25	     	       	 	         	 	 	 	K	     	     	     	     	9.1	     	True 	True 	YYYY	1	0.93	5125.95	0.8417	0.05923	0.00219	1	0	[RSP2011] 134          	61.41531	17.93771
6.42667681775925E+016	68	9.02	7.12	     	       	 	         	 	 	 	K	     	     	     	10.57	11.17	     	False	True 	NYNY	1	0.99	4950.6	2.8347	-0.10959	0.00326	1	1	[RSP2011]  68          	54.39574	21.34318
1.49767987810043E+017	161	9.1	6.41	     	       	 	         	 	 	 	2	2.31	     	     	     	     	     	False	False	-NN-	1	1.05	4389.4	       	-0.84473	0.00563	2	0	[RSP2011] 161          	62.98427	23.6364
4.81977836948698E+016	267	9.11	7.15	     	       	 	         	 	 	 	2	10.02	     	     	9.9	9.96	     	False	True 	NYNY	1	0.98	4962.54	3.9661	-0.0806	0.00205	2	1	[RSP2011] 267          	65.84517	19.65877
5.39422509146975E+016	148	9.19	7.32	     	       	 	         	 	 	 	2	9.39	     	     	9.35	     	     	True 	False	YYYY	0	0.93	5036.98	0.6555	0.01914	0.00342	1	1	[RSP2011] 148          	62.15088	23.76861
3.30600712999078E+018	333	9.06	6.88	     	       	 	         	 	 	 	D	     	     	     	10.4	     	     	False	False	NNNY	1	1.03	4643.99	3.6866	-0.66349	0.00228	1	1	[RSP2011] 333          	66.70111	10.87109
4.37897728612658E+016	83	9.11	7.25	     	       	 	         	 	 	 	K	     	     	     	     	11.59	     	True 	True 	-YN-	1	0.98	5047.33	       	0.03443	0.0058	1	0	[RSP2011]  83          	57.60403	17.24651
3.31010494540544E+018	494	9.06	6.68	11.34	0.2064	1	0.008318	N	Y	N	3	     	     	     	     	     	     	False	False	-NN-	1	1.19	4482.11	       	-1.36071	0.00175	0	0	[RSP2011] 494          	70.10596	16.51372
3.31090374060199E+018	345	9.15	7.35	     	       	 	         	 	 	 	K	     	     	     	9.7	10.28	     	True 	True 	YYNY	1	0.97	5020.14	0.1968	-0.06542	0.00114	1	1	[RSP2011] 345          	66.94598	14.41775
1.47182172683188E+017	564	9.16	6.96	7.47	0.4632	0	0.00758	N	Y	Y	K	     	     	     	6.9	7.07	     	True 	True 	-NN-	1	1.04	4595.39	       	-0.73556	0.005	1	1	[RSP2011] 564          	72.30411	24.80284
3.31415125127399E+018	406	9.24	7.17	10.19	0.6519	0	0.007862	N	Y	N	3	     	     	     	     	     	     	False	True 	NNNN	1	1.04	4827.73	5.3059	-0.52563	0.0025	0	0	[RSP2011] 406          	67.90463	17.7097
3.31228166918945E+018	216	9.29	7.32	     	       	 	         	 	 	 	R	     	     	     	     	     	12.64	True 	True 	YYYY	1	0.88	4896.8	0.5119	0.03653	0.0022	1	0	[RSP2011] 216          	64.5803	16.08833
3.40638017639702E+018	533	9.35	7.17	10.22	0.6342	0	0.007815	N	Y	Y	K	     	     	     	     	10.46	     	True 	False	YYNY	1	1	4805.67	0.729	-0.23799	0.00264	1	0	[RSP2011] 533          	71.70608	17.74833
1.4870981094714E+017	   	9.49	     	     	       	 	         	 	 	 	2	49.32	     	     	     	     	     	False	True 	NYNY	1	     	4326.56	12.4942	-0.15033	0.00122	2	0	HIP 19981              	64.27864	22.67331
3.40621638352396E+018	514	9.56	7.4	     	       	 	         	 	 	 	K	     	     	     	10.31	10.18	     	False	True 	NYNY	1	0.87	4759.42	4.6236	0.0239	0.00191	1	1	[RSP2011] 514          	70.81543	17.06918
4.55675113629452E+016	144	9.56	7.51	     	       	 	         	 	 	 	K	     	     	     	12.3	11.6	     	True 	True 	YYNY	1	0.84	4755.01	0.2722	0.07428	0.00286	1	1	[RSP2011] 144          	61.93	16.51879
3.3140795081402E+018	288	9.62	7.52	     	       	 	         	 	 	 	2	11.47	     	     	11.6	11.87	     	True 	True 	YYYY	0	0.84	4684.24	0.5576	-0.01163	0.00156	0	1	[RSP2011] 288          	66.07058	18.00292
3.30799233689132E+018	486	9.64	7.48	     	       	 	         	 	 	 	K	     	     	     	10.85	11.3	     	True 	True 	YYYY	0	0.81	4621.56	0.4685	0.02489	0.002	0	1	[RSP2011] 486          	69.96239	12.72848
5.03272972009782E+016	125	9.73	7.6	     	       	 	         	 	 	 	2	11.6	     	     	11.45	     	     	True 	True 	YYNY	1	0.84	4645.1	1.1055	-0.01889	0.00142	1	1	[RSP2011] 125          	60.91267	19.45501
3.83546807259462E+016	94	9.74	7.57	     	       	 	         	 	 	 	D	     	     	     	11.66	     	     	True 	True 	YYYY	0	0.81	4613.56	0.3403	0.00269	0.00184	0	1	[RSP2011]  94          	58.75601	12.48559
6.64823528300358E+016	85	9.68	7.39	     	       	 	         	 	 	 	2	12.57	     	     	     	8.37	     	True 	True 	YYNY	1	0.78	4431.87	0.4418	0.00039	0.00085	2	0	[RSP2011]  85          	57.76298	23.90365
3.40694309199137E+018	587	9.69	7.74	11.79	0.7087	0	0.007764	N	Y	M	D	     	     	     	11.34	     	     	True 	True 	YYYY	0	0.83	4640.29	0.1198	0.00655	0.00166	0	1	[RSP2011] 587          	73.09805	18.99691
3.31087680256716E+018	339	9.94	7.71	     	       	 	         	 	 	 	K	     	     	     	12.78	12.81	     	False	True 	NYNY	1	0.86	4535.72	2.5824	-0.16433	0.00258	1	1	[RSP2011] 339          	66.85558	14.26067
3.31289949164552E+018	373	9.93	7.51	11.69	0.7201	0	0.007968	N	Y	N	R	     	     	     	     	     	11.92	False	True 	YYNY	1	0.83	4462.92	1.3653	-0.07845	0.00156	1	0	[RSP2011] 373          	67.3791	16.24479
3.3137590005006E+018	301	9.92	7.83	     	       	 	         	 	 	 	D	     	     	     	11.77	     	     	True 	True 	YYYY	0	0.85	4726.06	0.4539	0.04439	0.00122	0	1	[RSP2011] 301          	66.25103	16.9849
3.31202558605838E+018	270	10.01	7.49	     	       	 	         	 	 	 	D	     	     	     	12.38	     	     	True 	True 	YYNY	1	0.76	4299.13	0.887	-0.04054	0.00422	1	1	[RSP2011] 270          	65.85533	15.76312
4.51599017865256E+016	140	10.03	7.66	     	       	 	         	 	 	 	K	     	     	     	11.98	14.03	     	False	False	YYYY	0	0.76	4405.63	0.7677	0.00088	0.0056	1	1	[RSP2011] 140          	61.75511	15.33503
3.30724140480862E+018	331	9.88	7.03	     	       	 	         	 	 	 	D	     	     	     	12.61	     	     	False	False	-NN-	1	     	4029.96	       	        	0.00397	1	1	[RSP2011] 331          	66.67843	12.68658
3.41314691455058E+018	544	10.28	7.99	11.79	0.4948	0	0.00801	N	Y	Y	3	     	     	     	     	     	     	True 	True 	YYYY	0	0.8	4528.75	0.6947	0.00185	0.00488	0	0	[RSP2011] 544          	71.85912	23.05092
1.44377799556207E+017	428	10.18	7.69	11.83	0.1546	1	0.00822	M	Y	N	K	     	     	     	12.69	13.59	     	True 	True 	YYYY	0	0.72	4294.93	0.9784	0.01467	0.00092	0	1	[RSP2011] 428          	68.40492	21.15085
3.4059886772418E+018	571	10.18	7.84	12.22	0.8983	0	0.00857	N	Y	N	D	     	     	     	11.98	     	     	True 	True 	YYYY	0	0.77	4446.1	0.3513	-0.00299	0.00136	0	1	[RSP2011] 571          	72.50297	16.41206
3.31290358045439E+018	362	10.28	7.35	11.51	0.6523	0	0.008142	Y	Y	N	R	     	     	     	     	     	3.66	False	False	NNNY	1	1.01	4095.93	5.644	-0.92492	0.00316	1	0	[RSP2011] 362          	67.21173	16.28894
3.41045348472557E+018	430	10.13	7.82	     	       	 	         	 	 	 	K	     	     	     	     	12.64	     	True 	True 	YYNY	1	0.75	4353.08	0.4369	0.01304	0.0029	1	0	[RSP2011] 430          	68.4247	19.01403
4.78135000844233E+016	202	10.41	7.91	     	       	 	         	 	 	 	2	12.84	     	     	12.95	     	     	True 	True 	YYYY	0	0.7	4319.17	0.6385	0.02264	0.00198	1	1	[RSP2011] 202          	64.3548	19.02991
3.31256403752003E+018	409	10.5	7.89	12.9	0.5951	0	0.009301	N	Y	N	D	     	     	     	13.13	     	     	True 	True 	YYYY	1	0.67	4191.78	0.3601	0.00221	0.00262	1	1	[RSP2011] 409          	67.96863	15.49948
4.5968901826385E+016	145	10.94	7.93	     	       	 	         	 	 	 	D	     	     	     	13.63	     	     	True 	True 	YYYY	0	0.61	3958.43	0.6513	0.01326	0.00255	0	1	[RSP2011] 145          	62.04622	16.87309
3.30812740502303E+018	   	10.66	7.51	     	       	 	         	 	 	 	D	     	     	     	15.42	     	     	True 	True 	YNNY	1	0.8	3876.96	0.8585	-0.74656	0.00086	1	1	2MASS J04412966+1313164	70.37364	13.22121
3.24195236999217E+018	   	10.66	8.3	     	       	 	         	 	 	 	D	     	     	     	13.23	     	     	True 	True 	YYYY	0	0.7	4318.2	0.4946	0.04406	0.00156	0	1	2MASS J05111934+0754322	77.83061	7.90892
3.30433725100241E+018	147	10.78	8.05	     	       	 	         	 	 	 	D	     	     	     	12.96	     	     	True 	False	YYYY	0	0.63	4110.49	0.5873	0.00213	0.00216	0	1	[RSP2011] 147          	62.11111	12.19185
3.30630400242688E+018	438	11.2	8.06	     	       	 	         	 	 	 	K	     	     	     	11.03	11.59	     	False	True 	-YN-	1	0.64	3930.34	       	-0.22395	0.00261	1	1	[RSP2011] 438          	68.54643	11.55795
5.02981257832251E+016	133	10.85	8.11	     	       	 	         	 	 	 	2	13.85	     	     	13.51	7.19	     	True 	True 	YYYY	1	0.63	4089.06	0.6974	0.04607	0.0015	2	1	[RSP2011] 133          	61.35696	19.44215
3.31149280395547E+018	184	10.96	8.13	     	       	 	         	 	 	 	D	     	     	     	13.91	     	     	True 	True 	YYYY	0	0.63	4042.99	0.9549	-0.00144	0.00256	0	1	[RSP2011] 184          	63.79337	14.39846
3.40608925249259E+018	553	10.59	7.37	10.81	0.4323	0	0.008506	N	N	Y	D	     	     	     	10.77	     	     	False	False	NNNN	1	0.85	3891.61	11.6734	-0.79367	0.00325	1	1	[RSP2011] 553          	72.00376	17.056
3.40479859764007E+018	578	11.11	7.97	12.9	0.8814	0	0.008029	N	Y	Y	D	     	     	     	13.14	     	     	True 	False	NYNN	1	0.61	3895.35	4.0882	-0.03647	0.00361	0	1	[RSP2011] 578          	72.7601	14.9713
3.28878400619272E+018	542	10.74	7.88	     	       	 	         	 	 	 	D	     	     	     	14.44	     	     	True 	True 	YYYY	0	0.62	3994.41	0.5576	-0.02064	0.00252	0	1	[RSP2011] 542          	71.82712	6.45321
3.31418512997596E+018	355	11.6	7.71	2.45	0.8716	0	0.008985	M	M	Y	2	2.44	2.42	     	2.42	     	     	False	False	-NN-	1	0.78	3638.03	       	-0.91218	0.01098	2	1	[RSP2011] 355          	67.1199	17.69594
3.39384278890271E+018	658	11.44	8.1	2.61	0.7822	0	0.007952	Y	N	N	D	     	     	     	14.94	     	     	False	False	NNYY	1	0.79	3804.97	3.9777	-0.77787	0.00277	1	1	[RSP2011] 658          	77.79048	15.81602
3.40590937496572E+018	556	11.88	8.54	15.99	0.7501	0	0.008561	N	M	N	D	     	     	     	15.69	     	     	True 	True 	YYYY	0	0.59	3824.4	0.5276	0.02262	0.00278	0	1	[RSP2011] 556          	72.12767	16.38853
1.47586243206612E+017	425	12.02	8.03	     	       	 	         	 	 	 	D	     	     	     	17.55	     	     	False	False	-NY-	1	     	3548.42	       	        	0.08977	1	1	[RSP2011] 425          	68.34902	23.99085
3.31365389406104E+018	279	11.98	8.56	     	       	 	         	 	 	 	D	     	     	     	17.14	     	     	True 	True 	YYYY	0	0.58	3778.51	0.7612	0.01736	0.00238	0	1	[RSP2011] 279          	65.9964	16.72157
4.79178162539187E+016	303	12.01	8.71	11.79	0.3719	1	0.007822	N	Y	N	2	10.97	     	     	10.84	     	     	True 	True 	YYNY	1	0.6	3799.33	0.9319	-0.06787	0.00575	2	1	[RSP2011] 303          	66.31068	18.97358
3.29588399944969E+018	504	12.34	8.75	     	       	 	         	 	 	 	D	     	     	     	18	     	     	True 	True 	YYYY	0	0.55	3719.42	0.2194	-0.00291	0.00261	0	1	[RSP2011] 504          	70.36987	12.00934
3.29452290713452E+018	588	12.33	8.77	     	       	 	         	 	 	 	D	     	     	     	9.88	     	     	True 	True 	YYYY	1	0.59	3788.98	0.4856	-0.0095	0.00347	1	1	[RSP2011] 588          	73.09943	10.71942
3.29957347513965E+018	275	12.28	8.23	     	       	 	         	 	 	 	D	     	     	     	5.33	     	     	True 	True 	-NN-	1	0.61	3743.34	       	-0.91237	0.00418	1	1	[RSP2011] 275          	65.96129	9.20542
3.30842887736686E+018	503	12.88	8.71	     	       	 	         	 	 	 	D	     	     	     	1.28	     	     	True 	False	-NY-	1	0.58	3667.51	       	-0.6228	0.00385	0	1	[RSP2011] 503          	70.36591	14.07612
3.3074890311467E+018	426	12.69	8.82	     	       	 	         	 	 	 	D	     	     	     	16.29	     	     	True 	True 	YYYY	0	0.49	3621.36	0.7292	-0.06853	0.00384	0	1	[RSP2011] 426          	68.36253	13.04548
3.30552424252431E+018	139	13	9.09	     	       	 	         	 	 	 	D	     	     	     	16.68	     	     	True 	True 	YYNY	1	0.5	3651.34	1.888	-0.06376	0.00314	0	1	[RSP2011] 139          	61.64432	13.54912
4.04707209159662E+016	93	13.76	9.06	     	       	 	         	 	 	 	D	     	     	     	6.04	     	     	True 	False	-NY-	1	0.43	3493.43	       	-0.9284	0.00483	0	1	[RSP2011]  93          	58.72175	16.31562
3.31190677008402E+018	203	13.85	9.62	     	       	 	         	 	 	 	2	2.38	     	     	2.35	     	     	True 	True 	-YY-	0	0.36	3482.38	       	-0.011	0.00468	1	1	[RSP2011] 203          	64.36725	14.90106
3.28801809326489E+018	569	14.1	9.63	     	       	 	         	 	 	 	D	     	     	     	17.12	     	     	True 	True 	-YY-	0	0.29	3409.95	       	-0.27789	0.00262	0	1	[RSP2011] 569          	72.46709	6.10935
6.33959893284472E+016	78	13.95	9.61	     	       	 	         	 	 	 	2	12.32	     	     	12.3	     	     	True 	True 	-YY-	0	0.31	3437.91	       	-0.06469	0.00635	1	1	[RSP2011]  78          	55.94617	20.8601
3.31240831488886E+018	387	14.13	9.71	0.32	0.0985	0	0.007982	N	N	N	D	     	     	     	18.41	     	     	False	False	-YN-	1	0.34	3448.46	       	-0.17678	0.00331	1	1	[RSP2011] 387          	67.64114	14.74807
4.52935268088512E+016	160	14.63	9.94	     	       	 	         	 	 	 	D	     	     	     	1.79	     	     	True 	True 	-YN-	1	0.28	3379.69	       	-0.17307	0.00645	1	1	[RSP2011] 160          	62.86519	15.99215
3.30826975741838E+018	451	14.37	9.87	     	       	 	         	 	 	 	D	     	     	     	13.36	     	     	True 	True 	-YY-	0	0.3	3418.42	       	-0.09196	0.00345	0	1	[RSP2011] 451          	68.95214	13.28805
3.28643239565642E+017	13	13.37	8.84	     	       	 	         	 	 	 	H	     	     	14.6	     	     	     	False	True 	-YY-	0	0.28	3391.34	       	-0.15175	0.00582	0	1	[RSP2011]  13          	36.41018	37.54275
1.40340019198296E+017	26	13	8.95	     	       	 	         	 	 	 	H	     	     	22.15	     	     	     	False	True 	YYYY	0	0.38	3522.78	0.9565	0.06194	0.00571	0	1	[RSP2011]  26          	44.1719	35.37627
1.39257717503546E+017	43	12.64	8.41	     	       	 	         	 	 	 	H	     	     	1.29	     	     	     	False	True 	-YY-	1	0.47	3572.95	       	-0.37498	0.00356	0	1	[RSP2011]  43          	48.90773	37.40395
1.19219294181874E+017	54	14.62	9.94	     	       	 	         	 	 	 	H	     	     	1.93	     	     	     	True 	True 	-YN-	1	0.28	3373.2	       	-0.27556	0.01094	1	1	[RSP2011]  54          	50.63197	28.97474
6.45520227253379E+016	64	15.61	10.48	     	       	 	         	 	 	 	2	1.81	     	     	     	     	     	True 	True 	-YN-	1	0.17	3171.09	       	-0.10484	0.00718	2	0	[RSP2011]  64          	53.54399	22.07259
4.29476800952573E+016	80	14.89	9.85	     	       	 	         	 	 	 	2	0.86	     	     	     	     	     	False	False	-YN-	1	0.18	3192.85	       	0.0136	0.01051	2	0	[RSP2011]  80          	56.74817	15.4047
6.73517572890922E+016	86	10.57	7.89	     	       	 	         	 	 	 	2	14.66	     	     	     	     	     	True 	True 	YYYY	0	0.65	4130.76	1.1031	0.01122	0.0012	1	0	[RSP2011]  86          	58.17087	25.80444
6.68959410005327E+016	87	17.24	12.06	     	       	 	         	 	 	 	2	14.38	     	     	     	     	     	False	True 	-NY-	1	0.23	3270.89	       	-1.00281	0.02027	1	0	[RSP2011]  87          	58.17797	25.20723
5.17307550743451E+016	98	16.72	11.1	     	       	 	         	 	 	 	2	0.73	     	     	     	     	     	False	False	-YY-	0	0.13	2947.25	       	-0.14823	0.01026	1	0	[RSP2011]  98          	58.90389	21.3134
4.9968306654051E+016	99	13.59	9.39	     	       	 	         	 	 	 	2	23.12	     	     	     	     	     	True 	True 	-YY-	0	0.35	3480.32	       	0.04834	0.00282	1	0	[RSP2011]  99          	58.98823	18.43228
3.83296668364503E+016	104	16	10.99	     	       	 	         	 	 	 	2	0.87	     	     	     	     	     	True 	True 	-YY-	0	0.17	3176.69	       	-0.19879	0.00541	1	0	[RSP2011] 104          	59.55985	12.62802
6.72704621472269E+016	108	11.01	7.89	     	       	 	         	 	 	 	2	15.26	     	     	     	     	     	False	True 	NYYY	0	0.6	3866.26	45.9377	0.08775	0.00184	1	0	[RSP2011] 108          	59.79057	26.47609
5.32574613293573E+016	109	12.45	8.7	     	       	 	         	 	 	 	2	20.73	     	     	     	     	     	True 	True 	YYYY	0	0.48	3633.1	1.4623	0.03495	0.00211	1	0	[RSP2011] 109          	59.80912	22.04386
4.64581157823684E+016	111	15.25	10.38	     	       	 	         	 	 	 	2	1.28	     	     	     	     	     	True 	True 	-YY-	0	0.2	3257.72	       	0.02487	0.00383	1	0	[RSP2011] 111          	59.81255	16.66442
6.55022069324202E+016	113	15.51	10.65	     	       	 	         	 	 	 	2	1.32	     	     	     	     	     	True 	True 	-YY-	0	0.19	3230.43	       	0.02149	0.00496	1	0	[RSP2011] 113          	59.86087	23.38545
5.0427387118458E+016	116	15.52	10.7	     	       	 	         	 	 	 	2	1.86	     	     	     	     	     	True 	True 	-YY-	0	0.2	3249.25	       	0.08569	0.00348	1	0	[RSP2011] 116          	60.06493	19.41015
3.89291411919258E+016	117	14.22	9.34	     	       	 	         	 	 	 	2	2.66	     	     	     	     	     	True 	False	-NN-	1	0.39	3453.55	       	-1.17627	0.00982	2	0	[RSP2011] 117          	60.1873	13.90633
4.54041995280672E+016	127	17.19	11.86	     	       	 	         	 	 	 	2	0.3	     	     	     	     	     	True 	True 	-YN-	1	0.14	3010.94	       	-0.03465	0.01493	2	0	[RSP2011] 127          	61.04483	15.8061
5.02489913574767E+016	128	16.01	11.06	     	       	 	         	 	 	 	2	0.8	     	     	     	     	     	True 	True 	-YY-	0	0.19	3230.02	       	0.00746	0.00554	1	0	[RSP2011] 128          	61.05336	18.99573
4.72479387913632E+016	138	15.47	10.47	     	       	 	         	 	 	 	2	0.48	     	     	     	     	     	True 	True 	-NY-	1	0.24	3307.84	       	-0.68183	0.00632	1	0	[RSP2011] 138          	61.58597	19.02747
5.37257502026062E+016	149	12.34	8.53	     	       	 	         	 	 	 	2	21.02	     	     	     	     	     	True 	False	YYNN	1	0.58	3589.6	1.3452	-0.1881	0.05153	2	0	[RSP2011] 149          	62.16742	23.55715
5.27982090658549E+016	166	15.08	10.16	     	       	 	         	 	 	 	2	1.84	     	     	     	     	     	False	False	-NY-	1	0.29	3341.7	       	-0.71818	0.0114	1	0	[RSP2011] 166          	63.19733	22.39086
3.31180451550279E+018	169	15.37	10.44	     	       	 	         	 	 	 	2	1.89	     	     	     	     	     	True 	False	-YY-	0	0.2	3274.66	       	0.08375	0.01053	2	0	[RSP2011] 169          	63.27339	15.24778
3.31181004312439E+018	170	14.35	9.7	     	       	 	         	 	 	 	2	1.85	     	     	     	     	     	False	False	-YN-	1	0.28	3273.55	       	0.20722	0.04593	2	0	[RSP2011] 170          	63.46814	15.36504
3.31142642094187E+018	197	14.74	10.05	     	       	 	         	 	 	 	2	1.45	     	     	     	     	     	True 	True 	-YN-	1	0.22	3300.45	       	0.13873	0.00354	2	0	[RSP2011] 197          	64.1059	14.17141
3.31064064808537E+018	207	11.98	8.53	     	       	 	         	 	 	 	2	8.69	     	     	     	     	     	True 	True 	YYNY	1	0.59	3784.16	1.0143	-0.09143	0.00266	2	0	[RSP2011] 207          	64.44872	13.66178
3.31193408607599E+018	209	15.08	10.36	     	       	 	         	 	 	 	2	3.65	     	     	     	     	     	True 	True 	-YY-	0	0.23	3311.96	       	0.06943	0.00506	1	0	[RSP2011] 209          	64.46511	15.22716
3.31146418229429E+018	210	14.49	10.02	     	       	 	         	 	 	 	2	10.12	     	     	     	     	     	True 	True 	-YY-	0	0.29	3418.61	       	-0.02343	0.0062	1	0	[RSP2011] 210          	64.48155	14.54626
1.48946068508278E+017	214	9.11	6.94	     	       	 	         	 	 	 	2	1.86	     	     	     	     	     	True 	True 	-NN-	1	1.07	4719.01	       	-0.74828	0.00882	2	0	[RSP2011] 214          	64.54496	23.28466
4.77150637307469E+016	220	15.59	10.6	     	       	 	         	 	 	 	2	2.34	     	     	     	     	     	True 	True 	-YY-	0	0.2	3245.97	       	0.03962	0.00576	1	0	[RSP2011] 220          	64.64104	18.36472
4.95202556651233E+016	228	13.43	9.22	0.58	0.0357	1	0.006329	N	Y	N	3	     	     	     	     	     	     	True 	True 	-YY-	0	0.43	3545.55	       	-0.25507	0.00728	0	0	[RSP2011] 228          	64.8741	21.75388
4.77605216645033E+016	235	14.68	10.22	     	       	 	         	 	 	 	2	20.31	     	     	     	     	     	True 	True 	-YY-	0	0.26	3367.57	       	0.02981	0.00368	1	0	[RSP2011] 235          	65.11511	18.8972
4.94485125315516E+016	236	14.85	10.13	1.23	0.5188	0	0.007687	N	Y	N	3	     	     	     	     	     	     	False	False	-NY-	1	0.27	3360.74	       	-0.54354	0.00398	0	0	[RSP2011] 236          	65.12242	21.37872
3.31110282092631E+018	247	15.05	10.44	     	       	 	         	 	 	 	2	3.64	     	     	     	     	     	True 	True 	-YY-	0	0.23	3313.03	       	0.07262	0.00564	1	0	[RSP2011] 247          	65.39621	14.69524
4.91241909612707E+016	249	15.86	10.63	0.33	0.0205	0	0.006831	N	N	Y	3	     	     	     	     	     	     	True 	True 	-YY-	0	0.17	3163.99	       	0.01091	0.00703	0	0	[RSP2011] 249          	65.40962	20.30282
4.91577947854482E+016	258	14.27	9.57	1.55	0.1433	0	0.00798	N	Y	N	3	     	     	     	     	     	     	True 	False	-NY-	1	0.32	3414.4	       	-0.58352	0.00314	0	0	[RSP2011] 258          	65.6786	20.57015
4.78818115406368E+016	277	16.41	11.49	2.41	0.7109	0	0.007612	N	N	N	2	2.42	     	     	     	     	     	True 	True 	-YY-	0	0.18	3205.13	       	0.24876	0.00582	1	0	[RSP2011] 277          	65.98617	18.63891
1.45668974102571E+017	278	14.63	10	21.94	0.3206	0	0.006602	N	N	Y	3	     	     	     	     	     	     	True 	True 	-YY-	0	0.25	3339.37	       	-0.00258	0.00643	0	0	[RSP2011] 278          	65.98919	22.18159
1.45664777917537E+017	282	10.5	7.89	13.01	0.598	0	0.007717	N	Y	Y	3	     	     	     	     	     	     	True 	True 	YYNY	1	0.67	4186.29	0.3166	-0.00746	0.00144	0	0	[RSP2011] 282          	66.03095	22.11887
4.79827948116141E+016	290	16.05	11.13	0.63	0.2983	0	0.007356	N	N	N	3	     	     	     	     	     	     	True 	True 	-NY-	0	0.17	3179.96	       	0.41746	0.00539	1	0	[RSP2011] 290          	66.08727	19.18078
4.79597050674572E+016	294	15.8	10.78	2.88	0.6572	0	0.007158	N	N	Y	3	     	     	     	     	     	     	False	False	-NN-	1	0.2	3226.72	       	-0.52145	0.0065	1	0	[RSP2011] 294          	66.1275	18.98697
4.79175113087041E+016	315	14.03	10.13	26.61	0.5925	0	0.00764	N	Y	N	3	     	     	     	     	     	     	True 	True 	-YN-	1	0.35	3493.17	       	0.13806	0.00344	1	0	[RSP2011] 315          	66.42431	19.01321
3.31398948132944E+018	316	15.35	10.32	2.72	0.4664	0	0.008273	N	Y	N	2	2.56	     	     	     	     	     	False	False	-NN-	1	     	3089.74	       	        	0.00592	2	0	[RSP2011] 316          	66.44592	17.54461
1.44534724778235E+017	332	10.69	7.94	11.51	0.2816	0	0.007666	N	Y	Y	3	     	     	     	     	     	     	True 	True 	YYNY	1	0.63	4078	0.339	0.06485	0.00172	0	0	[RSP2011] 332          	66.69842	21.23492
1.49327461604163E+017	335	15.48	10.57	28.1	0.4493	0	0.007352	N	N	N	3	     	     	     	     	     	     	True 	True 	-YY-	0	0.2	3254.63	       	-0.11931	0.00503	0	0	[RSP2011] 335          	66.76308	24.10438
4.80489029489064E+016	341	14.98	10.19	9.57	0.721	0	0.007503	N	N	Y	3	     	     	     	     	     	     	False	False	-NN-	1	0.3	3380.67	       	-0.89699	0.00427	0	0	[RSP2011] 341          	66.90198	19.44594
3.31290890621374E+018	342	15.08	10.48	38.56	0.4026	0	0.008936	N	N	Y	3	     	     	     	     	     	     	True 	True 	-YN-	1	0.24	3336.8	       	0.16619	0.00269	0	0	[RSP2011] 342          	66.91979	16.2487
3.31448409405941E+018	347	9.73	7.53	10.97	0.7849	0	0.00753	N	Y	N	2	11.13	     	     	     	     	     	False	True 	NYNY	1	0.91	4591.29	5.5847	-0.25048	0.0017	2	0	[RSP2011] 347          	66.99569	18.50027
3.31459740818002E+018	348	13.59	9.22	3.3	0.5455	0	0.007751	N	Y	N	3	     	     	     	     	     	     	True 	True 	-NY-	1	0.49	3566.26	       	-0.80678	0.0034	0	0	[RSP2011] 348          	66.99673	18.75907
1.49338937755075E+017	350	16.65	11.36	0.28	0.0095	0	0.006316	N	Y	N	3	     	     	     	     	     	     	False	False	-NN-	1	     	2886.67	       	        	0.00851	0	0	[RSP2011] 350          	67.01545	24.40215
3.31292137879875E+018	352	10.56	7.76	13.18	0.4329	1	0.00779	M	Y	M	3	     	     	     	     	     	     	True 	True 	YYYY	0	0.66	4084.87	0.7761	-0.05326	0.00189	0	0	[RSP2011] 352          	67.0453	16.47094
3.31290423328941E+018	364	13.64	9.37	0.9	0.5218	0	0.007559	N	N	M	P	     	8.8	     	     	     	     	True 	True 	-YN-	1	0.38	3492.69	       	-0.19282	0.00419	1	0	[RSP2011] 364          	67.25063	16.34634
3.31458198495379E+018	365	12.66	8.69	1.54	0.8964	0	0.008115	N	N	N	3	     	     	     	     	     	     	True 	True 	-YY-	1	0.53	3619.9	       	-0.22336	0.00962	0	0	[RSP2011] 365          	67.25422	18.6737
1.51312419393052E+017	367	12.36	8.83	     	       	 	         	 	 	 	H	     	     	18.02	     	     	     	True 	True 	-YY-	0	0.55	3715.43	       	0.03731	0.00236	0	1	[RSP2011] 367          	67.29578	26.24675
3.31252094611162E+018	368	11.77	8.49	15.18	0.823	0	0.007638	N	Y	Y	3	     	     	     	     	     	     	True 	True 	-YY-	0	0.59	3834.2	       	0.03975	0.00214	0	0	[RSP2011] 368          	67.30146	15.2739
1.4591605068392E+017	377	10.82	8.37	14.95	0.5361	1	0.007715	Y	Y	N	3	     	     	     	     	     	     	True 	True 	YYYY	0	0.71	4293.18	0.7238	0.00686	0.00139	0	0	[RSP2011] 377          	67.41247	22.88272
3.31296020530309E+018	378	12.19	8.65	14.52	0.6478	0	0.007592	N	Y	N	3	     	     	     	     	     	     	True 	True 	YYYY	0	0.54	3693.52	0.5386	-0.03358	0.00446	0	0	[RSP2011] 378          	67.48225	16.91405
1.45919658456448E+017	390	12.38	8.38	2.5	0.3927	0	0.006951	Y	M	Y	3	     	     	     	     	     	     	True 	True 	-NN-	1	0.62	3785.73	       	-0.96202	0.00247	0	0	[RSP2011] 390          	67.65916	22.90801
3.31240642939996E+018	392	16.36	11.03	1.2	0.4034	0	0.007833	N	M	N	3	     	     	     	     	     	     	True 	True 	-YN-	1	0.16	3128.79	       	-0.05716	0.00932	0	0	[RSP2011] 392          	67.67749	14.66153
1.47877549363244E+017	396	15.61	10.68	6.59	0.9444	0	0.008491	N	N	N	3	     	     	     	     	     	     	True 	True 	-YY-	0	0.19	3230.13	       	0.04202	0.00681	0	0	[RSP2011] 396          	67.73237	24.83815
3.3142485580533E+018	414	14.94	10.38	1.7	0.8822	0	0.007697	N	N	Y	3	     	     	     	     	     	     	False	True 	-YY-	0	0.27	3379.9	       	-0.06936	0.00845	0	0	[RSP2011] 414          	68.12075	17.90464
3.41063999368226E+018	416	14.49	9.98	18.44	0.938	0	0.008182	N	N	N	3	     	     	     	     	     	     	True 	True 	-YN-	1	0.25	3352.09	       	0.00286	0.00888	0	0	[RSP2011] 416          	68.15768	19.0467
1.47908438767993E+017	418	16.25	11.2	0.76	0.0767	0	0.007158	N	M	Y	3	     	     	     	     	     	     	True 	True 	-YY-	0	0.18	3208.31	       	0.0634	0.00728	0	0	[RSP2011] 418          	68.18888	25.09276
3.31325916938836E+018	429	9.14	7.35	9.82	0.6297	0	0.007843	N	Y	N	3	     	     	     	     	     	     	True 	True 	YYYY	0	0.95	5103.29	0.4467	0.01957	0.00213	0	0	[RSP2011] 429          	68.4082	16.7625
3.41043974512743E+018	431	14.8	10.05	4.75	0.794	0	0.00749	N	N	N	3	     	     	     	     	     	     	True 	True 	-YY-	0	0.23	3306.29	       	-0.13897	0.00734	0	0	[RSP2011] 431          	68.42839	18.76644
3.3142947719013E+018	434	15.98	10.97	1.46	0.7778	0	0.007808	N	N	N	3	     	     	     	     	     	     	True 	True 	-YY-	0	0.18	3199	       	0.26202	0.00808	0	0	[RSP2011] 434          	68.48111	18.38076
3.31328511099079E+018	435	14.52	9.96	31	0.0432	0	0.006674	N	Y	N	3	     	     	     	     	     	     	True 	True 	-YY-	0	0.27	3379.21	       	0.04441	0.00528	0	0	[RSP2011] 435          	68.48633	16.86906
3.31260234862835E+018	439	9.42	7.55	9.16	0.6246	0	0.008251	N	Y	N	3	     	     	     	     	     	     	True 	True 	YYYY	0	0.92	5035.57	0.6624	0.0255	0.00191	0	0	[RSP2011] 439          	68.63409	15.82756
3.30954117081729E+018	442	11.77	8.23	6.72	0.059	0	0.007869	N	Y	Y	3	     	     	     	     	     	     	False	True 	NYNN	1	0.62	3850.62	5.3409	-0.35252	0.00602	0	0	[RSP2011] 442          	68.66641	15.20912
3.41089820281863E+018	443	10.61	7.91	1.46	0.6371	0	0.007228	N	N	N	3	     	     	     	     	     	     	False	True 	NYNN	1	0.77	4134.76	6.1191	-0.27899	0.00078	0	0	[RSP2011] 443          	68.70866	20.3945
1.45226970426193E+017	447	15.57	10.25	0.51	0.039	0	0.005524	N	N	N	3	     	     	     	     	     	     	False	False	-NY-	1	0.24	3285.48	       	-1.02544	0.01028	0	0	[RSP2011] 447          	68.80491	22.98899
3.30956814321189E+018	449	15.43	10.44	0.57	0.1446	0	0.007944	N	N	Y	3	     	     	     	     	     	     	False	False	-NN-	1	0.22	3268.83	       	-0.53423	0.00555	0	0	[RSP2011] 449          	68.86851	15.3993
3.41078756875774E+018	452	14.6	9.86	0.89	0.7063	0	0.007691	M	N	N	3	     	     	     	     	     	     	True 	False	-NY-	1	0.28	3368.75	       	-0.55049	0.00389	0	0	[RSP2011] 452          	68.96673	19.79587
3.41040988651468E+018	454	13.02	8.92	1.55	0.8339	0	0.007251	N	M	N	3	     	     	     	     	     	     	False	True 	-NN-	1	0.55	3645.2	       	-0.56703	0.00479	0	0	[RSP2011] 454          	69.01743	18.88852
3.41046613340333E+018	457	14.23	9.71	13.07	0.3827	1	0.007968	N	Y	N	3	     	     	     	     	     	     	False	False	-YY-	0	0.46	3445.93	       	-0.18668	0.0033	0	0	[RSP2011] 457          	69.12838	19.09089
1.45218857232329E+017	458	13.83	9.3	5.8	0.0204	0	0.00716	N	M	N	3	     	     	     	     	     	     	True 	True 	-NY-	1	0.38	3473.69	       	-0.60423	0.00412	0	0	[RSP2011] 458          	69.15846	23.04198
3.41039046896439E+018	459	12.73	8.94	21.94	0.5538	0	0.007238	N	Y	N	3	     	     	     	     	     	     	True 	True 	-YY-	0	0.43	3599.54	       	0.07421	0.00233	0	0	[RSP2011] 459          	69.16227	18.61575
1.47710938992084E+017	462	16.67	11.65	1.71	0.2478	0	0.007433	N	Y	Y	3	     	     	     	     	     	     	True 	True 	-YN-	1	0.17	3162.2	       	0.26094	0.01225	0	0	[RSP2011] 462          	69.22592	24.49891
3.41127430881056E+018	464	14.68	10.28	11.93	0.8709	0	0.00763	N	M	N	3	     	     	     	     	     	     	True 	True 	-YY-	0	0.28	3409.21	       	0.03407	0.00613	0	0	[RSP2011] 464          	69.27156	20.71815
3.41056608588358E+018	467	14.1	9.31	1.14	0.2914	0	0.006621	N	N	N	3	     	     	     	     	     	     	False	False	-NY-	0	     	3195.36	       	        	0.0068	0	0	[RSP2011] 467          	69.34125	19.35483
3.30997434403946E+018	475	15.37	10.53	1.52	0.3673	0	0.008547	N	M	N	3	     	     	     	     	     	     	True 	True 	-YY-	0	0.21	3287.47	       	0.1064	0.00323	0	0	[RSP2011] 475          	69.54398	15.8215
3.31324171464089E+018	476	9.75	7.14	1.07	0.0909	0	0.007471	N	N	N	3	     	     	     	     	     	     	False	True 	-NN-	1	1.03	4322.51	       	-0.82098	0.00135	0	0	[RSP2011] 476          	69.60399	17.54247
1.44833998098821E+017	477	16.18	11.07	0.26	0.0204	1	0.007594	N	N	N	3	     	     	     	     	     	     	True 	True 	-YN-	1	0.17	3160.16	       	0.34649	0.01846	0	0	[RSP2011] 477          	69.68081	21.73733
3.41050578454287E+018	479	13.52	9.27	0.92	0.2667	0	0.008438	N	Y	M	3	     	     	     	     	     	     	True 	True 	-YY-	0	0.45	3555.08	       	-0.21618	0.0045	0	0	[RSP2011] 479          	69.728	19.18222
1.48183866430358E+017	492	10.33	7.39	5.99	0.0252	0	0.007643	N	Y	M	H	     	     	5.61	     	     	     	True 	True 	NNNN	1	0.85	4169.79	4.2689	-0.37669	0.00719	1	1	[RSP2011] 492          	70.03845	25.59239
3.41052935532345E+018	493	13.12	9.12	21.47	0.778	0	0.007524	N	Y	M	3	     	     	     	     	     	     	True 	True 	-YY-	0	0.42	3578.26	       	0.05158	0.00258	0	0	[RSP2011] 493          	70.05296	19.2861
3.40935672617246E+018	496	17.11	11.92	0.8	0.5421	0	0.00844	N	N	N	3	     	     	     	     	     	     	True 	True 	-YY-	0	0.16	3126.18	       	0.11514	0.0134	0	0	[RSP2011] 496          	70.13756	18.02838
3.41094473020054E+018	501	17.85	11.7	0.21	0.0126	0	0.006045	N	N	M	3	     	     	     	     	     	     	True 	True 	-YY-	0	0.14	2986.27	       	-0.08948	0.0188	0	0	[RSP2011] 501          	70.25809	19.90941
3.40929099599307E+018	509	14.49	10.02	12.22	0.4595	0	0.008022	N	M	N	3	     	     	     	     	     	     	True 	True 	-YY-	0	0.29	3411.51	       	-0.03653	0.00399	0	0	[RSP2011] 509          	70.57842	17.69397
1.46592838746224E+017	511	14.58	10.01	21.78	0.8095	0	0.007657	N	Y	N	3	     	     	     	     	     	     	True 	True 	-YY-	0	0.31	3433.63	       	-0.12154	0.0034	0	0	[RSP2011] 511          	70.71738	23.33958
3.41112879531892E+018	512	14.41	10.08	10.51	0.505	0	0.007899	N	N	N	3	     	     	     	     	     	     	True 	True 	-YY-	0	0.28	3408.15	       	0.1329	0.00273	0	0	[RSP2011] 512          	70.74369	20.60483
1.47232651433767E+017	516	13.58	9.32	1.83	0.7891	0	0.00731	N	N	N	3	     	     	     	     	     	     	True 	True 	-YY-	0	0.42	3543.36	       	-0.21582	0.00264	0	0	[RSP2011] 516          	70.85315	24.29667
3.4093790600022E+018	519	15.44	10.73	24.64	0.7317	0	0.007583	N	N	Y	3	     	     	     	     	     	     	True 	True 	-YN-	1	0.24	3330.89	       	-0.02227	0.00617	0	0	[RSP2011] 519          	71.11821	17.85309
3.40948031815095E+018	521	14.51	9.65	1.73	0.3523	0	0.00728	Y	Y	M	3	     	     	     	     	     	     	True 	False	-NY-	1	0.33	3403.33	       	-0.87142	0.00611	0	0	[RSP2011] 521          	71.18233	18.40823
3.40624655137337E+018	522	16.68	11.25	2.12	0.1433	0	0.007335	M	Y	M	3	     	     	     	     	     	     	True 	False	-YY-	0	0.19	3114.35	       	-0.25826	0.0437	0	0	[RSP2011] 522          	71.251	17.27221
3.30815220845701E+018	523	12.47	8.44	2.22	0.1553	0	0.006738	M	N	Y	3	     	     	     	     	     	     	False	False	NNYY	1	0.62	3767.25	2.7014	-0.8515	0.00443	0	0	[RSP2011] 523          	71.33171	13.57426
3.40595236329487E+018	524	16.2	11.14	1.24	0.2711	0	0.007487	N	N	N	3	     	     	     	     	     	     	True 	True 	-YY-	1	0.18	3193.74	       	-0.38655	0.00854	0	0	[RSP2011] 524          	71.38569	16.59826
3.28106426203861E+018	528	10.35	7.83	     	       	 	         	 	 	 	D	     	     	     	13.25	     	     	True 	True 	YYYY	0	0.68	4217.47	0.289	-0.02131	0.00127	0	1	[RSP2011] 528          	71.57831	3.63634
3.4063528260453E+018	529	15.62	10.62	1.69	0.0236	0	0.005445	N	N	 	3	     	     	     	     	     	     	False	False	-YY-	0	0.21	3270.04	       	-0.2017	0.00715	0	0	[RSP2011] 529          	71.6131	17.62663
3.41260529769979E+018	538	9.44	7.34	10.54	0.61	1	0.00746	N	Y	M	3	     	     	     	     	     	     	True 	True 	YYYY	0	0.83	4686.34	0.5922	0.0404	0.00156	0	0	[RSP2011] 538          	71.78722	20.88231
1.46989143968435E+017	539	11.69	8.41	16.25	0.8648	0	0.008278	N	M	N	3	     	     	     	     	     	     	True 	True 	YYYY	0	0.6	3837.44	0.9202	0.01752	0.00208	0	0	[RSP2011] 539          	71.79064	24.02005
3.30847096804733E+018	541	16.58	11.36	0.8	0.1713	0	0.007334	Y	N	M	3	     	     	     	     	     	     	True 	False	-NY-	0	0.16	3051.03	       	0.91475	0.09204	0	0	[RSP2011] 541          	71.81565	13.55715
3.41308266184118E+018	543	17.38	11.97	0.5	0.1043	0	0.006234	N	N	N	3	     	     	     	     	     	     	True 	True 	-YY-	0	0.14	3043.67	       	-0.00476	0.01572	0	0	[RSP2011] 543          	71.85088	22.66351
1.47469115153031E+017	552	14.17	9.77	1.04	0.6415	0	0.008067	N	N	Y	3	     	     	     	     	     	     	True 	True 	-YY-	0	0.34	3450.78	       	-0.26849	0.00399	0	0	[RSP2011] 552          	71.98211	25.57976
3.41178172913401E+018	555	16.97	11.87	0.79	0.1597	0	0.006604	N	N	Y	3	     	     	     	     	     	     	True 	True 	-YY-	0	0.16	3136.83	       	-0.05293	0.01055	0	0	[RSP2011] 555          	72.12398	20.44606
3.40508237471967E+018	560	15.15	10.13	7.49	0.2329	0	0.00863	Y	M	N	3	     	     	     	     	     	     	True 	False	-NY-	1	0.26	3324.41	       	-0.81241	0.003	0	0	[RSP2011] 560          	72.24828	15.60484
3.30850192617166E+018	562	15.2	10.35	2.45	0.0342	0	0.006689	N	N	Y	3	     	     	     	     	     	     	True 	True 	-YY-	0	0.22	3287.67	       	-0.13105	0.00259	0	0	[RSP2011] 562          	72.294	13.81145
3.41277012566081E+018	567	13.35	9.22	26.14	0.4688	1	0.007293	Y	M	N	3	     	     	     	     	     	     	False	False	-NY-	0	     	3475.94	       	        	0.00434	0	0	[RSP2011] 567          	72.39971	21.76072
3.40609475005085E+018	568	15.76	10.75	1.43	0.0622	0	0.006563	N	Y	N	3	     	     	     	     	     	     	True 	True 	-YY-	0	0.2	3252.33	       	-0.1072	0.0055	0	0	[RSP2011] 568          	72.40242	17.03307
1.54422804645274E+017	570	14.97	10.2	1.48	0.579	0	0.007795	N	Y	Y	3	     	     	     	     	     	     	True 	True 	-YY-	0	0.21	3285.02	       	0.10835	0.00591	0	0	[RSP2011] 570          	72.49153	27.21023
3.41181131716181E+018	572	13.78	9.39	0.98	0.0862	0	0.007684	N	N	N	3	     	     	     	     	     	     	True 	True 	-YY-	0	0.36	3468.86	       	-0.19458	0.0052	0	0	[RSP2011] 572          	72.56946	20.62582
3.40643140676757E+018	584	10.91	8.28	13.01	0.5944	0	0.007374	N	Y	N	3	     	     	     	     	     	     	True 	True 	NYNY	1	0.67	4224.55	3.2722	0.0476	0.00172	0	0	[RSP2011] 584          	72.95493	17.27373
3.41175812828735E+018	597	16.01	11.26	1.44	0.7448	0	0.00849	N	N	N	3	     	     	     	     	     	     	True 	True 	-YY-	0	0.19	3236.16	       	0.12811	0.00475	0	0	[RSP2011] 597          	73.8119	21.36405
3.41965605774805E+018	600	14.49	10.09	24.24	0.7764	0	0.008005	N	N	Y	3	     	     	     	     	     	     	True 	True 	-YY-	0	0.28	3414.1	       	0.14427	0.00304	0	0	[RSP2011] 600          	73.95442	24.36271
3.39266462783427E+018	609	15.3	10.46	2.05	0.3932	0	0.008158	N	Y	N	3	     	     	     	     	     	     	True 	True 	-YY-	0	0.22	3293.94	       	0.004	0.00481	0	0	[RSP2011] 609          	74.49079	14.45201
3.40823450275752E+018	612	16.97	11.81	0.47	0.6186	0	0.008434	N	N	Y	3	     	     	     	     	     	     	True 	True 	-YY-	0	0.16	3139.96	       	0.06978	0.0075	0	0	[RSP2011] 612          	74.59271	19.31716
3.40533814861196E+018	614	16.23	11.08	3.71	0.066	0	0.007148	N	Y	N	3	     	     	     	     	     	     	True 	True 	-YN-	1	0.18	3174.02	       	-0.58494	0.0112	0	0	[RSP2011] 614          	74.65901	16.22239
3.39330509335781E+018	621	16.02	10.93	0.38	0.4213	0	0.008265	N	N	Y	3	     	     	     	     	     	     	True 	True 	-YY-	0	0.17	3178.29	       	0.05394	0.00684	0	0	[RSP2011] 621          	75.01372	15.91481
3.39331529820005E+018	625	16.65	11.71	1.45	0.1757	0	0.007639	N	N	N	3	     	     	     	     	     	     	False	True 	-YY-	0	0.18	3185.42	       	-0.22191	0.01514	0	0	[RSP2011] 625          	75.31667	16.14469
3.2402383988664E+018	640	9.57	7.52	     	       	 	         	 	 	 	D	     	     	     	10.41	     	     	False	False	NNNN	1	1.04	4847.12	5.4701	-0.47183	0.00602	1	1	[RSP2011] 640          	76.41825	6.4652
3.39505932979879E+018	657	15.38	10.62	4.49	0.6901	0	0.007814	M	N	Y	3	     	     	     	     	     	     	False	False	-YY-	0	0.37	3370.74	       	-0.28554	0.01182	0	0	[RSP2011] 657          	77.78704	17.57408
3.41386005092229E+018	664	15.27	10.5	3.73	0.4701	0	0.008926	N	Y	M	3	     	     	     	     	     	     	True 	False	-NN-	1	0.23	3218.54	       	-0.63592	0.0618	0	0	[RSP2011] 664          	78.59855	20.53159
4.81907399484292E+016	   	18.28	     	     	       	 	         	 	 	 	2	0.2	     	     	     	     	     	True 	False	-YN-	1	     	2903.62	       	0.18819	0.02868	2	0	EPIC 210774807         	65.45653	19.48572
1.44506309274715E+017	   	18.4	     	0.15	0.0148	0	0.00641	N	N	Y	3	     	     	     	     	     	     	False	False	-NY-	0	     	91.07	       	        	0.0338	0	0	EPIC 210871016         	66.90501	20.94396
3.30447812592966E+018	   	17.81	     	     	       	 	         	 	 	 	2	0.9	     	     	     	     	     	True 	True 	-YY-	0	     	2955.85	       	-0.2614	0.02721	1	0	EPIC 210371851         	62.77676	12.79671
3.4017686828959E+018	   	17.52	     	0.69	0.0892	0	0.007097	N	M	N	3	     	     	     	     	     	     	False	False	-NY-	0	     	2928.54	       	        	0.0231	0	0	EPIC 247199130         	80.28462	19.61534
4.91316813842212E+016	   	18.77	     	0.34	0.0359	1	0.006477	N	N	N	3	     	     	     	     	     	     	True 	True 	-YN-	1	     	2881.77	       	-0.01639	0.05332	0	0	EPIC 210835057         	65.43488	20.4029
3.41085611213958E+018	   	19.53	     	0.37	0.1143	0	0.006999	N	N	N	3	     	     	     	     	     	     	True 	False	-YY-	0	     	2757.04	       	0.15339	0.0855	0	0	EPIC 247254123         	68.80648	20.13367
3.41952658595844E+018	   	17.67	     	0.29	0.2088	0	0.007449	N	N	N	3	     	     	     	     	     	     	True 	True 	-YY-	0	     	3038.97	       	0.02512	0.02713	0	0	EPIC 247796367         	75.16229	24.38282
4.9131681384222E+016	   	19.75	     	0.65	0.0291	1	0.007128	N	N	N	3	     	     	     	     	     	     	True 	False	-YY-	0	     	2749.38	       	0	0.09497	0	0	EPIC 210834592         	65.44115	20.3957
1.47258180719393E+017	   	18.31	     	0.66	0.0735	0	0.007659	N	N	N	3	     	     	     	     	     	     	True 	True 	-YY-	0	     	2892.23	       	-0.13214	0.03946	0	0	EPIC 247829435         	71.6876	24.61117
3.31189903484735E+018	   	     	     	     	       	 	         	 	 	 	2	43.59	     	     	     	     	     	False	False	-NN-	1	     	3412.02	       	-0.41774	0.00376	2	0	EPIC 210489654         	65.19981	15.23589
